brand,product_family,product_name_or_sku,official_product_url,dimensions_or_specifications,colour_finish,classification_or_standard,brochure_or_datasheet_reference,availability_status,delivery_class,image_rights_status,bricksplaza_status,source_status,notes
Corobrik,Clay face bricks,Clay Face Brick Range,https://www.corobrik.co.za/clay-face-brick-range,,,,,manufacturer_confirmation_required,heavy_or_quote_required,permission_required,candidate_for_import,official_public_navigation,Exact SKU/variant fields to be extracted from individual range pages and brochure PDFs.
Corobrik,Clay face bricks,Slimline Face Brick Range,https://www.corobrik.co.za/slimline-face-bricks,,,,,manufacturer_confirmation_required,heavy_or_quote_required,permission_required,candidate_for_import,official_public_navigation,Exact SKU/variant fields to be extracted from individual range pages and brochure PDFs.
Corobrik,Clay face bricks,Breezeblock Face Bricks,https://www.corobrik.co.za/breezeblock-face-brick,,,,,manufacturer_confirmation_required,heavy_or_quote_required,permission_required,candidate_for_import,official_public_navigation,Exact SKU/variant fields to be extracted from individual range pages and brochure PDFs.
Corobrik,Clay paving,Clay Paving Range,https://www.corobrik.co.za/clay-brick-pavers,,,,,manufacturer_confirmation_required,heavy_or_quote_required,permission_required,candidate_for_import,official_public_navigation,Exact SKU/variant fields to be extracted from individual range pages and brochure PDFs.
Corobrik,Concrete paving,Concrete Paving Range,https://www.corobrik.co.za/concrete-paving-range,,,,,manufacturer_confirmation_required,heavy_or_quote_required,permission_required,candidate_for_import,official_public_navigation,Exact SKU/variant fields to be extracted from individual range pages and brochure PDFs.
Corobrik,Concrete masonry,Concrete Bricks & Blocks,https://www.corobrik.co.za/concrete-bricks-and-blocks,,,,,manufacturer_confirmation_required,heavy_or_quote_required,permission_required,candidate_for_import,official_public_navigation,Exact SKU/variant fields to be extracted from individual range pages and brochure PDFs.
Corobrik,Retaining systems,Geolock Earth Retaining System,https://www.corobrik.co.za/geolock-earth-retaining-system,,,,,manufacturer_confirmation_required,heavy_or_quote_required,permission_required,candidate_for_import,official_public_navigation,Exact SKU/variant fields to be extracted from individual range pages and brochure PDFs.
Corobrik,Retaining systems,Terraforce Retaining Blocks,https://www.corobrik.co.za/terraforce-retaining-blocks,,,,,manufacturer_confirmation_required,heavy_or_quote_required,permission_required,candidate_for_import,official_public_navigation,Exact SKU/variant fields to be extracted from individual range pages and brochure PDFs.
Bosun,Paving,Paving Blocks,https://www.bosun.co.za/products/paving/,,,,,manufacturer_confirmation_required,heavy_or_quote_required,permission_required,candidate_for_import,official_public_category_page,"Extract individual Bosun product names, sizes, colours and finishes from category page or manufacturer brochure."
Bosun,Kerbs,Kerbs,https://www.bosun.co.za/products/kerbs/,,,,,manufacturer_confirmation_required,heavy_or_quote_required,permission_required,candidate_for_import,official_public_category_page,"Extract individual Bosun product names, sizes, colours and finishes from category page or manufacturer brochure."
Bosun,Retaining walls,Retaining Wall Blocks,https://www.bosun.co.za/products/retaining-wall-blocks/,,,,,manufacturer_confirmation_required,heavy_or_quote_required,permission_required,candidate_for_import,official_public_category_page,"Extract individual Bosun product names, sizes, colours and finishes from category page or manufacturer brochure."
Bosun,Paving finishes,Colourfast Finishes,https://www.bosun.co.za/products/paving/designer-paving/colourfast-finishes/,,,,,manufacturer_confirmation_required,heavy_or_quote_required,permission_required,candidate_for_import,official_public_category_page,"Extract individual Bosun product names, sizes, colours and finishes from category page or manufacturer brochure."
Technicrete,Paving,Paving Range,https://www.technicrete.co.za/commercial/,,,,,manufacturer_confirmation_required,heavy_or_quote_required,permission_required,candidate_for_import,official_public_category_page,Individual product brochures and current specifications required.
Technicrete,Concrete masonry,Concrete Masonry,https://www.technicrete.co.za/residential/,,,,,manufacturer_confirmation_required,heavy_or_quote_required,permission_required,candidate_for_import,official_public_category_page,Individual product brochures and current specifications required.
Technicrete,Retaining walls,Retaining Wall Systems,https://www.technicrete.co.za/residential/,,,,,manufacturer_confirmation_required,heavy_or_quote_required,permission_required,candidate_for_import,official_public_category_page,Individual product brochures and current specifications required.
Technicrete,Erosion control,Armorflex / Erosion Protection,https://www.technicrete.co.za/commercial/,,,,,manufacturer_confirmation_required,heavy_or_quote_required,permission_required,candidate_for_import,official_public_category_page,Individual product brochures and current specifications required.
Technicrete,Drainage,Drainage Products,https://www.technicrete.co.za/,,,,,manufacturer_confirmation_required,heavy_or_quote_required,permission_required,candidate_for_import,official_public_category_page,Individual product brochures and current specifications required.
Technicrete,Kerbs,Kerbs,https://www.technicrete.co.za/,,,,,manufacturer_confirmation_required,heavy_or_quote_required,permission_required,candidate_for_import,official_public_category_page,Individual product brochures and current specifications required.
Technicrete,Mining,Mining Pre-bagged Products,https://www.technicrete.co.za/mining/,,,,,manufacturer_confirmation_required,heavy_or_quote_required,permission_required,candidate_for_import,official_public_category_page,Individual product brochures and current specifications required.
Technicrete,Mining,Mining Support Packs,https://www.technicrete.co.za/mining/,,,,,manufacturer_confirmation_required,heavy_or_quote_required,permission_required,candidate_for_import,official_public_category_page,Individual product brochures and current specifications required.
Infraset,Roof tiles,Roof Tile Range,https://infraset.co.za/roof-tiles/,,,,,manufacturer_confirmation_required,heavy_or_quote_required,permission_required,candidate_for_import,official_public_category_or_product_page,"Exact SKU, dimensions, colours, stock region and MOQ require manufacturer confirmation."
Infraset,Roof tiles,Horizon Concrete Shingle Tile,https://infraset.co.za/roof-tiles/horizon-concrete-shingle-tile/,,,,,manufacturer_confirmation_required,heavy_or_quote_required,permission_required,candidate_for_import,official_public_category_or_product_page,"Exact SKU, dimensions, colours, stock region and MOQ require manufacturer confirmation."
Infraset,Roof tiles,Sunset Double Roman Bold Roll Tile,https://infraset.co.za/roof-tiles/sunset-double-roman-concrete-bold-roll-tile/,,,,,manufacturer_confirmation_required,heavy_or_quote_required,permission_required,candidate_for_import,official_public_category_or_product_page,"Exact SKU, dimensions, colours, stock region and MOQ require manufacturer confirmation."
Infraset,Roof tiles,Vintage Multi Blend Roof Tiles,https://infraset.co.za/roof-tiles/vintage-multi-blend-roof-tiles/,,,,,manufacturer_confirmation_required,heavy_or_quote_required,permission_required,candidate_for_import,official_public_category_or_product_page,"Exact SKU, dimensions, colours, stock region and MOQ require manufacturer confirmation."
Infraset,Paving,Paving & Cobbles,https://infraset.co.za/paving/,,,,,manufacturer_confirmation_required,heavy_or_quote_required,permission_required,candidate_for_import,official_public_category_or_product_page,"Exact SKU, dimensions, colours, stock region and MOQ require manufacturer confirmation."
Infraset,Retaining walls,Retaining Wall Systems,https://infraset.co.za/retaining-walls/,,,,,manufacturer_confirmation_required,heavy_or_quote_required,permission_required,candidate_for_import,official_public_category_or_product_page,"Exact SKU, dimensions, colours, stock region and MOQ require manufacturer confirmation."
Infraset,Erosion control,Erosion Control,https://infraset.co.za/erosion-control/,,,,,manufacturer_confirmation_required,heavy_or_quote_required,permission_required,candidate_for_import,official_public_category_or_product_page,"Exact SKU, dimensions, colours, stock region and MOQ require manufacturer confirmation."
Infraset,Accessories,Roof Tile Fittings & Accessories,https://infraset.co.za/roof-tile-fittings-and-accessories/,,,,,manufacturer_confirmation_required,heavy_or_quote_required,permission_required,candidate_for_import,official_public_category_or_product_page,"Exact SKU, dimensions, colours, stock region and MOQ require manufacturer confirmation."
Infraset,Accessories,Eco Shield,https://infraset.co.za/eco-shield/,,,,,manufacturer_confirmation_required,heavy_or_quote_required,permission_required,candidate_for_import,official_public_category_or_product_page,"Exact SKU, dimensions, colours, stock region and MOQ require manufacturer confirmation."
Infraset,Accessories,Infra-Flash,https://infraset.co.za/infra-flash/,,,,,manufacturer_confirmation_required,heavy_or_quote_required,permission_required,candidate_for_import,official_public_category_or_product_page,"Exact SKU, dimensions, colours, stock region and MOQ require manufacturer confirmation."
Infraset,Landscape,Embankment Seating and Steps,https://infraset.co.za/embankment-seating/,,,,,manufacturer_confirmation_required,heavy_or_quote_required,permission_required,candidate_for_import,official_public_category_or_product_page,"Exact SKU, dimensions, colours, stock region and MOQ require manufacturer confirmation."
